zipcode	locationtext	county
15001	Aliquippa, PA	Beaver
15003	Ambridge, PA	Beaver
15004	Atlasburg, PA	Washington
15005	Baden, PA	Beaver
15006	Bairdford, PA	Allegheny
15007	Bakerstown, PA	Allegheny
15009	Beaver, PA	Beaver
15010	Beaver Falls, PA	Beaver
15012	Belle Vernon, PA	Westmoreland
15014	Brackenridge, PA	Allegheny
15015	Bradfordwoods, PA	Allegheny
15017	Bridgeville, PA	Allegheny
15018	Buena Vista, PA	Allegheny
15019	Bulger, PA	Washington
15020	Bunola, PA	Allegheny
15021	Burgettstown, PA	Washington
15022	Charleroi, PA	Washington
15024	Cheswick, PA	Allegheny
15025	Clairton, PA	Allegheny
15026	Clinton, PA	Beaver
15027	Conway, PA	Beaver
15028	Coulters, PA	Allegheny
15030	Creighton, PA	Allegheny
15031	Cuddy, PA	Allegheny
15032	Curtisville, PA	Allegheny
15033	Donora, PA	Washington
15034	Dravosburg, PA	Allegheny
15035	East Mc Keesport, PA	Allegheny
15037	Elizabeth, PA	Allegheny
15038	Elrama, PA	Washington
15042	Freedom, PA	Beaver
15043	Georgetown, PA	Beaver
15044	Gibsonia, PA	Allegheny
15045	Glassport, PA	Allegheny
15046	Crescent, PA	Allegheny
15047	Greenock, PA	Allegheny
15049	Harwick, PA	Allegheny
15050	Hookstown, PA	Beaver
15051	Indianola, PA	Allegheny
15052	Industry, PA	Beaver
15053	Joffre, PA	Washington
15054	Langeloth, PA	Washington
15055	Lawrence, PA	Washington
15056	Leetsdale, PA	Allegheny
15057	Mc Donald, PA	Washington
15059	Midland, PA	Beaver
15060	Midway, PA	Washington
15061	Monaca, PA	Beaver
15062	Monessen, PA	Westmoreland
15063	Monongahela, PA	Washington
15064	Morgan, PA	Allegheny
15065	Natrona Heights, PA	Allegheny
15066	New Brighton, PA	Beaver
15067	New Eagle, PA	Washington
15068	New Kensington, PA	Westmoreland
15069	New Kensington, PA	Westmoreland
15071	Oakdale, PA	Allegheny
15072	Pricedale, PA	Westmoreland
15074	Rochester, PA	Beaver
15075	Rural Ridge, PA	Allegheny
15076	Russellton, PA	Allegheny
15077	Shippingport, PA	Beaver
15078	Slovan, PA	Washington
15081	South Heights, PA	Beaver
15082	Sturgeon, PA	Allegheny
15083	Sutersville, PA	Westmoreland
15084	Tarentum, PA	Allegheny
15085	Trafford, PA	Westmoreland
15086	Warrendale, PA	Allegheny
15087	Webster, PA	Westmoreland
15088	West Elizabeth, PA	Allegheny
15089	West Newton, PA	Westmoreland
15090	Wexford, PA	Allegheny
15091	Wildwood, PA	Allegheny
15095	Warrendale, PA	Allegheny
15096	Warrendale, PA	Allegheny
15101	Allison Park, PA	Allegheny
15102	Bethel Park, PA	Allegheny
15104	Braddock, PA	Allegheny
15106	Carnegie, PA	Allegheny
15108	Coraopolis, PA	Allegheny
15110	Duquesne, PA	Allegheny
15112	East Pittsburgh, PA	Allegheny
15116	Glenshaw, PA	Allegheny
15120	Homestead, PA	Allegheny
15122	West Mifflin, PA	Allegheny
15123	West Mifflin, PA	Allegheny
15126	Imperial, PA	Allegheny
15127	Ingomar, PA	Allegheny
15129	South Park, PA	Allegheny
15131	Mckeesport, PA	Allegheny
15132	Mckeesport, PA	Allegheny
15133	Mckeesport, PA	Allegheny
15134	Mckeesport, PA	Allegheny
15135	Mckeesport, PA	Allegheny
15136	Mc Kees Rocks, PA	Allegheny
15137	North Versailles, PA	Allegheny
15139	Oakmont, PA	Allegheny
15140	Pitcairn, PA	Allegheny
15142	Presto, PA	Allegheny
15143	Sewickley, PA	Allegheny
15144	Springdale, PA	Allegheny
15145	Turtle Creek, PA	Allegheny
15146	Monroeville, PA	Allegheny
15147	Verona, PA	Allegheny
15148	Wilmerding, PA	Allegheny
15201	Pittsburgh, PA	Allegheny
15202	Pittsburgh, PA	Allegheny
15203	Pittsburgh, PA	Allegheny
15204	Pittsburgh, PA	Allegheny
15205	Pittsburgh, PA	Allegheny
15206	Pittsburgh, PA	Allegheny
15207	Pittsburgh, PA	Allegheny
15208	Pittsburgh, PA	Allegheny
15209	Pittsburgh, PA	Allegheny
15210	Pittsburgh, PA	Allegheny
15211	Pittsburgh, PA	Allegheny
15212	Pittsburgh, PA	Allegheny
15213	Pittsburgh, PA	Allegheny
15214	Pittsburgh, PA	Allegheny
15215	Pittsburgh, PA	Allegheny
15216	Pittsburgh, PA	Allegheny
15217	Pittsburgh, PA	Allegheny
15218	Pittsburgh, PA	Allegheny
15219	Pittsburgh, PA	Allegheny
15220	Pittsburgh, PA	Allegheny
15221	Pittsburgh, PA	Allegheny
15222	Pittsburgh, PA	Allegheny
15223	Pittsburgh, PA	Allegheny
15224	Pittsburgh, PA	Allegheny
15225	Pittsburgh, PA	Allegheny
15226	Pittsburgh, PA	Allegheny
15227	Pittsburgh, PA	Allegheny
15228	Pittsburgh, PA	Allegheny
15229	Pittsburgh, PA	Allegheny
15230	Pittsburgh, PA	Allegheny
15231	Pittsburgh, PA	Allegheny
15232	Pittsburgh, PA	Allegheny
15233	Pittsburgh, PA	Allegheny
15234	Pittsburgh, PA	Allegheny
15235	Pittsburgh, PA	Allegheny
15236	Pittsburgh, PA	Allegheny
15237	Pittsburgh, PA	Allegheny
15238	Pittsburgh, PA	Allegheny
15239	Pittsburgh, PA	Allegheny
15240	Pittsburgh, PA	Allegheny
15241	Pittsburgh, PA	Allegheny
15242	Pittsburgh, PA	Allegheny
15243	Pittsburgh, PA	Allegheny
15244	Pittsburgh, PA	Allegheny
15250	Pittsburgh, PA	Allegheny
15251	Pittsburgh, PA	Allegheny
15252	Pittsburgh, PA	Allegheny
15253	Pittsburgh, PA	Allegheny
15254	Pittsburgh, PA	Allegheny
15255	Pittsburgh, PA	Allegheny
15257	Pittsburgh, PA	Allegheny
15258	Pittsburgh, PA	Allegheny
15259	Pittsburgh, PA	Allegheny
15260	Pittsburgh, PA	Allegheny
15261	Pittsburgh, PA	Allegheny
15262	Pittsburgh, PA	Allegheny
15263	Pittsburgh, PA	Allegheny
15264	Pittsburgh, PA	Allegheny
15265	Pittsburgh, PA	Allegheny
15266	Pittsburgh, PA	Allegheny
15267	Pittsburgh, PA	Allegheny
15268	Pittsburgh, PA	Allegheny
15270	Pittsburgh, PA	Allegheny
15272	Pittsburgh, PA	Allegheny
15273	Pittsburgh, PA	Allegheny
15274	Pittsburgh, PA	Allegheny
15275	Pittsburgh, PA	Allegheny
15276	Pittsburgh, PA	Allegheny
15277	Pittsburgh, PA	Allegheny
15278	Pittsburgh, PA	Allegheny
15279	Pittsburgh, PA	Allegheny
15281	Pittsburgh, PA	Allegheny
15282	Pittsburgh, PA	Allegheny
15283	Pittsburgh, PA	Allegheny
15285	Pittsburgh, PA	Allegheny
15286	Pittsburgh, PA	Allegheny
15288	Pittsburgh, PA	Allegheny
15289	Pittsburgh, PA	Allegheny
15290	Pittsburgh, PA	Allegheny
15295	Pittsburgh, PA	Allegheny
15301	Washington, PA	Washington
15310	Aleppo, PA	Greene
15311	Amity, PA	Washington
15312	Avella, PA	Washington
15313	Beallsville, PA	Washington
15314	Bentleyville, PA	Washington
15315	Bobtown, PA	Greene
15316	Brave, PA	Greene
15317	Canonsburg, PA	Washington
15320	Carmichaels, PA	Greene
15321	Cecil, PA	Washington
15322	Clarksville, PA	Greene
15323	Claysville, PA	Washington
15324	Cokeburg, PA	Washington
15325	Crucible, PA	Greene
15327	Dilliner, PA	Greene
15329	Prosperity, PA	Washington
15330	Eighty Four, PA	Washington
15331	Ellsworth, PA	Washington
15332	Finleyville, PA	Washington
15333	Fredericktown, PA	Washington
15334	Garards Fort, PA	Greene
15336	Gastonville, PA	Washington
15337	Graysville, PA	Greene
15338	Greensboro, PA	Greene
15339	Hendersonville, PA	Washington
15340	Hickory, PA	Washington
15341	Holbrook, PA	Greene
15342	Houston, PA	Washington
15344	Jefferson, PA	Greene
15345	Marianna, PA	Washington
15346	Mather, PA	Greene
15347	Meadow Lands, PA	Washington
15348	Millsboro, PA	Washington
15349	Mount Morris, PA	Greene
15350	Muse, PA	Washington
15351	Nemacolin, PA	Greene
15352	New Freeport, PA	Greene
15353	Nineveh, PA	Greene
15357	Rices Landing, PA	Greene
15358	Richeyville, PA	Washington
15359	Rogersville, PA	Greene
15360	Scenery Hill, PA	Washington
15361	Southview, PA	Washington
15362	Spraggs, PA	Greene
15363	Strabane, PA	Washington
15364	Sycamore, PA	Greene
15365	Taylorstown, PA	Washington
15366	Van Voorhis, PA	Washington
15367	Venetia, PA	Washington
15368	Vestaburg, PA	Washington
15370	Waynesburg, PA	Greene
15376	West Alexander, PA	Washington
15377	West Finley, PA	Washington
15378	Westland, PA	Washington
15379	West Middletown, PA	Washington
15380	Wind Ridge, PA	Greene
15401	Uniontown, PA	Fayette
15410	Adah, PA	Fayette
15411	Addison, PA	Somerset
15412	Allenport, PA	Washington
15413	Allison, PA	Fayette
15415	Brier Hill, PA	Fayette
15416	Brownfield, PA	Fayette
15417	Brownsville, PA	Fayette
15419	California, PA	Washington
15420	Cardale, PA	Fayette
15421	Chalk Hill, PA	Fayette
15422	Chestnut Ridge, PA	Fayette
15423	Coal Center, PA	Washington
15424	Confluence, PA	Somerset
15425	Connellsville, PA	Fayette
15427	Daisytown, PA	Washington
15428	Dawson, PA	Fayette
15429	Denbo, PA	Washington
15430	Dickerson Run, PA	Fayette
15431	Dunbar, PA	Fayette
15432	Dunlevy, PA	Washington
15433	East Millsboro, PA	Fayette
15434	Elco, PA	Washington
15435	Fairbank, PA	Fayette
15436	Fairchance, PA	Fayette
15437	Farmington, PA	Fayette
15438	Fayette City, PA	Fayette
15439	Gans, PA	Fayette
15440	Gibbon Glade, PA	Fayette
15442	Grindstone, PA	Fayette
15443	Hibbs, PA	Fayette
15444	Hiller, PA	Fayette
15445	Hopwood, PA	Fayette
15446	Indian Head, PA	Fayette
15447	Isabella, PA	Fayette
15448	Jacobs Creek, PA	Westmoreland
15449	Keisterville, PA	Fayette
15450	La Belle, PA	Fayette
15451	Lake Lynn, PA	Fayette
15454	Leckrone, PA	Fayette
15455	Leisenring, PA	Fayette
15456	Lemont Furnace, PA	Fayette
15458	Mc Clellandtown, PA	Fayette
15459	Markleysburg, PA	Fayette
15460	Martin, PA	Fayette
15461	Masontown, PA	Fayette
15462	Melcroft, PA	Fayette
15463	Merrittstown, PA	Fayette
15464	Mill Run, PA	Fayette
15465	Mount Braddock, PA	Fayette
15466	Newell, PA	Fayette
15467	New Geneva, PA	Fayette
15468	New Salem, PA	Fayette
15469	Normalville, PA	Fayette
15470	Ohiopyle, PA	Fayette
15472	Oliver, PA	Fayette
15473	Perryopolis, PA	Fayette
15474	Point Marion, PA	Fayette
15475	Republic, PA	Fayette
15476	Ronco, PA	Fayette
15477	Roscoe, PA	Washington
15478	Smithfield, PA	Fayette
15479	Smithton, PA	Westmoreland
15480	Smock, PA	Fayette
15482	Star Junction, PA	Fayette
15483	Stockdale, PA	Washington
15484	Uledi, PA	Fayette
15485	Ursina, PA	Somerset
15486	Vanderbilt, PA	Fayette
15488	Waltersburg, PA	Fayette
15489	West Leisenring, PA	Fayette
15490	White, PA	Fayette
15492	Wickhaven, PA	Fayette
15501	Somerset, PA	Somerset
15502	Hidden Valley, PA	Somerset
15510	Somerset, PA	Somerset
15520	Acosta, PA	Somerset
15521	Alum Bank, PA	Bedford
15522	Bedford, PA	Bedford
15530	Berlin, PA	Somerset
15531	Boswell, PA	Somerset
15532	Boynton, PA	Somerset
15533	Breezewood, PA	Bedford
15534	Buffalo Mills, PA	Bedford
15535	Clearville, PA	Bedford
15536	Crystal Spring, PA	Fulton
15537	Everett, PA	Bedford
15538	Fairhope, PA	Somerset
15539	Fishertown, PA	Bedford
15540	Fort Hill, PA	Somerset
15541	Friedens, PA	Somerset
15542	Garrett, PA	Somerset
15544	Gray, PA	Somerset
15545	Hyndman, PA	Bedford
15546	Jenners, PA	Somerset
15547	Jennerstown, PA	Somerset
15548	Kantner, PA	Somerset
15549	Listie, PA	Somerset
15550	Manns Choice, PA	Bedford
15551	Markleton, PA	Somerset
15552	Meyersdale, PA	Somerset
15553	New Baltimore, PA	Somerset
15554	New Paris, PA	Bedford
15555	Quecreek, PA	Somerset
15557	Rockwood, PA	Somerset
15558	Salisbury, PA	Somerset
15559	Schellsburg, PA	Bedford
15560	Shanksville, PA	Somerset
15561	Sipesville, PA	Somerset
15562	Springs, PA	Somerset
15563	Stoystown, PA	Somerset
15564	Wellersburg, PA	Somerset
15565	West Salisbury, PA	Somerset
15601	Greensburg, PA	Westmoreland
15605	Greensburg, PA	Westmoreland
15606	Greensburg, PA	Westmoreland
15610	Acme, PA	Westmoreland
15611	Adamsburg, PA	Westmoreland
15612	Alverton, PA	Westmoreland
15613	Apollo, PA	Westmoreland
15615	Ardara, PA	Westmoreland
15616	Armbrust, PA	Westmoreland
15617	Arona, PA	Westmoreland
15618	Avonmore, PA	Westmoreland
15619	Bovard, PA	Westmoreland
15620	Bradenville, PA	Westmoreland
15621	Calumet, PA	Westmoreland
15622	Champion, PA	Fayette
15623	Claridge, PA	Westmoreland
15624	Crabtree, PA	Westmoreland
15625	Darragh, PA	Westmoreland
15626	Delmont, PA	Westmoreland
15627	Derry, PA	Westmoreland
15628	Donegal, PA	Westmoreland
15629	East Vandergrift, PA	Westmoreland
15631	Everson, PA	Fayette
15632	Export, PA	Westmoreland
15633	Forbes Road, PA	Westmoreland
15634	Grapeville, PA	Westmoreland
15635	Hannastown, PA	Westmoreland
15636	Harrison City, PA	Westmoreland
15637	Herminie, PA	Westmoreland
15638	Hostetter, PA	Westmoreland
15639	Hunker, PA	Westmoreland
15640	Hutchinson, PA	Westmoreland
15641	Hyde Park, PA	Westmoreland
15642	Irwin, PA	Westmoreland
15644	Jeannette, PA	Westmoreland
15646	Jones Mills, PA	Westmoreland
15647	Larimer, PA	Westmoreland
15650	Latrobe, PA	Westmoreland
15655	Laughlintown, PA	Westmoreland
15656	Leechburg, PA	Armstrong
15658	Ligonier, PA	Westmoreland
15660	Lowber, PA	Westmoreland
15661	Loyalhanna, PA	Westmoreland
15662	Luxor, PA	Westmoreland
15663	Madison, PA	Westmoreland
15664	Mammoth, PA	Westmoreland
15665	Manor, PA	Westmoreland
15666	Mount Pleasant, PA	Westmoreland
15668	Murrysville, PA	Westmoreland
15670	New Alexandria, PA	Westmoreland
15671	New Derry, PA	Westmoreland
15672	New Stanton, PA	Westmoreland
15673	North Apollo, PA	Armstrong
15674	Norvelt, PA	Westmoreland
15675	Penn, PA	Westmoreland
15676	Pleasant Unity, PA	Westmoreland
15677	Rector, PA	Westmoreland
15678	Rillton, PA	Westmoreland
15679	Ruffs Dale, PA	Westmoreland
15680	Salina, PA	Westmoreland
15681	Saltsburg, PA	Indiana
15682	Schenley, PA	Armstrong
15683	Scottdale, PA	Westmoreland
15684	Slickville, PA	Westmoreland
15685	Southwest, PA	Westmoreland
15686	Spring Church, PA	Armstrong
15687	Stahlstown, PA	Westmoreland
15688	Tarrs, PA	Westmoreland
15689	United, PA	Westmoreland
15690	Vandergrift, PA	Westmoreland
15691	Wendel, PA	Westmoreland
15692	Westmoreland City, PA	Westmoreland
15693	Whitney, PA	Westmoreland
15695	Wyano, PA	Westmoreland
15696	Youngstown, PA	Westmoreland
15697	Youngwood, PA	Westmoreland
15698	Yukon, PA	Westmoreland
15701	Indiana, PA	Indiana
15705	Indiana, PA	Indiana
15710	Alverda, PA	Indiana
15711	Anita, PA	Jefferson
15712	Arcadia, PA	Indiana
15713	Aultman, PA	Indiana
15714	Northern Cambria, PA	Cambria
15715	Big Run, PA	Jefferson
15716	Black Lick, PA	Indiana
15717	Blairsville, PA	Indiana
15720	Brush Valley, PA	Indiana
15721	Burnside, PA	Clearfield
15722	Carrolltown, PA	Cambria
15723	Chambersville, PA	Indiana
15724	Cherry Tree, PA	Indiana
15725	Clarksburg, PA	Indiana
15727	Clune, PA	Indiana
15728	Clymer, PA	Indiana
15729	Commodore, PA	Indiana
15730	Coolspring, PA	Jefferson
15731	Coral, PA	Indiana
15732	Creekside, PA	Indiana
15733	De Lancey, PA	Jefferson
15734	Dixonville, PA	Indiana
15736	Elderton, PA	Armstrong
15737	Elmora, PA	Cambria
15738	Emeigh, PA	Cambria
15739	Ernest, PA	Indiana
15740	Frostburg, PA	Jefferson
15741	Gipsy, PA	Indiana
15742	Glen Campbell, PA	Indiana
15744	Hamilton, PA	Jefferson
15745	Heilwood, PA	Indiana
15746	Hillsdale, PA	Indiana
15747	Home, PA	Indiana
15748	Homer City, PA	Indiana
15750	Josephine, PA	Indiana
15752	Kent, PA	Indiana
15753	La Jose, PA	Clearfield
15754	Lucernemines, PA	Indiana
15756	Mc Intyre, PA	Indiana
15757	Mahaffey, PA	Clearfield
15758	Marchand, PA	Indiana
15759	Marion Center, PA	Indiana
15760	Marsteller, PA	Cambria
15761	Mentcle, PA	Indiana
15762	Nicktown, PA	Cambria
15763	Northpoint, PA	Indiana
15764	Oliveburg, PA	Jefferson
15765	Penn Run, PA	Indiana
15767	Punxsutawney, PA	Jefferson
15770	Ringgold, PA	Jefferson
15771	Rochester Mills, PA	Indiana
15772	Rossiter, PA	Indiana
15773	Saint Benedict, PA	Cambria
15774	Shelocta, PA	Indiana
15775	Spangler, PA	Cambria
15776	Sprankle Mills, PA	Jefferson
15777	Starford, PA	Indiana
15778	Timblin, PA	Jefferson
15779	Torrance, PA	Westmoreland
15780	Valier, PA	Jefferson
15781	Walston, PA	Jefferson
15783	West Lebanon, PA	Indiana
15784	Worthville, PA	Jefferson
15801	Du Bois, PA	Clearfield
15821	Benezett, PA	Elk
15822	Brandy Camp, PA	Elk
15823	Brockport, PA	Elk
15824	Brockway, PA	Jefferson
15825	Brookville, PA	Jefferson
15827	Byrnedale, PA	Elk
15828	Clarington, PA	Forest
15829	Corsica, PA	Jefferson
15831	Dagus Mines, PA	Elk
15832	Driftwood, PA	Cameron
15834	Emporium, PA	Cameron
15840	Falls Creek, PA	Jefferson
15841	Force, PA	Elk
15845	Johnsonburg, PA	Elk
15846	Kersey, PA	Elk
15847	Knox Dale, PA	Jefferson
15848	Luthersburg, PA	Clearfield
15849	Penfield, PA	Clearfield
15851	Reynoldsville, PA	Jefferson
15853	Ridgway, PA	Elk
15856	Rockton, PA	Clearfield
15857	Saint Marys, PA	Elk
15860	Sigel, PA	Jefferson
15861	Sinnamahoning, PA	Cameron
15863	Stump Creek, PA	Jefferson
15864	Summerville, PA	Jefferson
15865	Sykesville, PA	Jefferson
15866	Troutville, PA	Clearfield
15868	Weedville, PA	Elk
15870	Wilcox, PA	Elk
15901	Johnstown, PA	Cambria
15902	Johnstown, PA	Cambria
15904	Johnstown, PA	Cambria
15905	Johnstown, PA	Cambria
15906	Johnstown, PA	Cambria
15907	Johnstown, PA	Cambria
15909	Johnstown, PA	Cambria
15915	Johnstown, PA	Cambria
15920	Armagh, PA	Indiana
15921	Beaverdale, PA	Cambria
15922	Belsano, PA	Cambria
15923	Bolivar, PA	Westmoreland
15924	Cairnbrook, PA	Somerset
15925	Cassandra, PA	Cambria
15926	Central City, PA	Somerset
15927	Colver, PA	Cambria
15928	Davidsville, PA	Somerset
15929	Dilltown, PA	Indiana
15930	Dunlo, PA	Cambria
15931	Ebensburg, PA	Cambria
15934	Elton, PA	Cambria
15935	Hollsopple, PA	Somerset
15936	Hooversville, PA	Somerset
15937	Jerome, PA	Somerset
15938	Lilly, PA	Cambria
15940	Loretto, PA	Cambria
15942	Mineral Point, PA	Cambria
15943	Nanty Glo, PA	Cambria
15944	New Florence, PA	Westmoreland
15945	Parkhill, PA	Cambria
15946	Portage, PA	Cambria
15948	Revloc, PA	Cambria
15949	Robinson, PA	Indiana
15951	Saint Michael, PA	Cambria
15952	Salix, PA	Cambria
15953	Seanor, PA	Somerset
15954	Seward, PA	Westmoreland
15955	Sidman, PA	Cambria
15956	South Fork, PA	Cambria
15957	Strongstown, PA	Indiana
15958	Summerhill, PA	Cambria
15959	Tire Hill, PA	Somerset
15960	Twin Rocks, PA	Cambria
15961	Vintondale, PA	Cambria
15962	Wilmore, PA	Cambria
15963	Windber, PA	Somerset
16001	Butler, PA	Butler
16002	Butler, PA	Butler
16003	Butler, PA	Butler
16016	Boyers, PA	Butler
16017	Boyers, PA	Butler
16018	Boyers, PA	Butler
16020	Boyers, PA	Butler
16021	Branchton, PA	Butler
16022	Bruin, PA	Butler
16023	Cabot, PA	Butler
16024	Callery, PA	Butler
16025	Chicora, PA	Butler
16027	Connoquenessing, PA	Butler
16028	East Brady, PA	Clarion
16029	East Butler, PA	Butler
16030	Eau Claire, PA	Butler
16033	Evans City, PA	Butler
16034	Fenelton, PA	Butler
16035	Forestville, PA	Butler
16036	Foxburg, PA	Clarion
16037	Harmony, PA	Butler
16038	Harrisville, PA	Butler
16039	Herman, PA	Butler
16040	Hilliards, PA	Butler
16041	Karns City, PA	Butler
16045	Lyndora, PA	Butler
16046	Mars, PA	Butler
16048	North Washington, PA	Butler
16049	Parker, PA	Clarion
16050	Petrolia, PA	Butler
16051	Portersville, PA	Butler
16052	Prospect, PA	Butler
16053	Renfrew, PA	Butler
16054	Saint Petersburg, PA	Clarion
16055	Sarver, PA	Butler
16056	Saxonburg, PA	Butler
16057	Slippery Rock, PA	Butler
16058	Turkey City, PA	Clarion
16059	Valencia, PA	Butler
16061	West Sunbury, PA	Butler
16063	Zelienople, PA	Butler
16066	Cranberry Twp, PA	Butler
16101	New Castle, PA	Lawrence
16102	New Castle, PA	Lawrence
16103	New Castle, PA	Lawrence
16105	New Castle, PA	Lawrence
16107	New Castle, PA	Lawrence
16108	New Castle, PA	Lawrence
16110	Adamsville, PA	Crawford
16111	Atlantic, PA	Crawford
16112	Bessemer, PA	Lawrence
16113	Clark, PA	Mercer
16114	Clarks Mills, PA	Mercer
16115	Darlington, PA	Beaver
16116	Edinburg, PA	Lawrence
16117	Ellwood City, PA	Lawrence
16120	Enon Valley, PA	Lawrence
16121	Farrell, PA	Mercer
16123	Fombell, PA	Beaver
16124	Fredonia, PA	Mercer
16125	Greenville, PA	Mercer
16127	Grove City, PA	Mercer
16130	Hadley, PA	Mercer
16131	Hartstown, PA	Crawford
16132	Hillsville, PA	Lawrence
16133	Jackson Center, PA	Mercer
16134	Jamestown, PA	Mercer
16136	Koppel, PA	Beaver
16137	Mercer, PA	Mercer
16140	New Bedford, PA	Lawrence
16141	New Galilee, PA	Lawrence
16142	New Wilmington, PA	Lawrence
16143	Pulaski, PA	Lawrence
16145	Sandy Lake, PA	Mercer
16146	Sharon, PA	Mercer
16148	Hermitage, PA	Mercer
16150	Sharpsville, PA	Mercer
16151	Sheakleyville, PA	Mercer
16153	Stoneboro, PA	Mercer
16154	Transfer, PA	Mercer
16155	Villa Maria, PA	Lawrence
16156	Volant, PA	Lawrence
16157	Wampum, PA	Lawrence
16159	West Middlesex, PA	Mercer
16160	West Pittsburg, PA	Lawrence
16161	Wheatland, PA	Mercer
16172	New Wilmington, PA	Lawrence
16201	Kittanning, PA	Armstrong
16210	Adrian, PA	Armstrong
16211	Beyer, PA	Indiana
16212	Cadogan, PA	Armstrong
16213	Callensburg, PA	Clarion
16214	Clarion, PA	Clarion
16215	Kittanning, PA	Armstrong
16217	Cooksburg, PA	Forest
16218	Cowansville, PA	Armstrong
16220	Crown, PA	Clarion
16221	Curllsville, PA	Clarion
16222	Dayton, PA	Armstrong
16223	Distant, PA	Armstrong
16224	Fairmount City, PA	Clarion
16225	Fisher, PA	Clarion
16226	Ford City, PA	Armstrong
16228	Ford Cliff, PA	Armstrong
16229	Freeport, PA	Armstrong
16230	Hawthorn, PA	Clarion
16232	Knox, PA	Clarion
16233	Leeper, PA	Clarion
16234	Limestone, PA	Clarion
16235	Lucinda, PA	Clarion
16236	Mc Grann, PA	Armstrong
16238	Manorville, PA	Armstrong
16239	Marienville, PA	Forest
16240	Mayport, PA	Jefferson
16242	New Bethlehem, PA	Clarion
16244	Nu Mine, PA	Armstrong
16245	Oak Ridge, PA	Armstrong
16246	Plumville, PA	Indiana
16248	Rimersburg, PA	Clarion
16249	Rural Valley, PA	Armstrong
16250	Sagamore, PA	Armstrong
16253	Seminole, PA	Armstrong
16254	Shippenville, PA	Clarion
16255	Sligo, PA	Clarion
16256	Smicksburg, PA	Indiana
16257	Snydersburg, PA	Clarion
16258	Strattanville, PA	Clarion
16259	Templeton, PA	Armstrong
16260	Vowinckel, PA	Clarion
16261	Widnoon, PA	Armstrong
16262	Worthington, PA	Armstrong
16263	Yatesboro, PA	Armstrong
16301	Oil City, PA	Venango
16311	Carlton, PA	Mercer
16312	Chandlers Valley, PA	Warren
16313	Clarendon, PA	Warren
16314	Cochranton, PA	Crawford
16316	Conneaut Lake, PA	Crawford
16317	Cooperstown, PA	Venango
16319	Cranberry, PA	Venango
16321	East Hickory, PA	Forest
16322	Endeavor, PA	Forest
16323	Franklin, PA	Venango
16326	Fryburg, PA	Clarion
16327	Guys Mills, PA	Crawford
16328	Hydetown, PA	Crawford
16329	Irvine, PA	Warren
16331	Kossuth, PA	Clarion
16332	Lickingville, PA	Clarion
16333	Ludlow, PA	McKean
16334	Marble, PA	Clarion
16335	Meadville, PA	Crawford
16340	Pittsfield, PA	Warren
16341	Pleasantville, PA	Bedford
16341	Pleasantville, PA	Venango
16342	Polk, PA	Venango
16343	Reno, PA	Venango
16344	Rouseville, PA	Venango
16345	Russell, PA	Warren
16346	Seneca, PA	Venango
16347	Sheffield, PA	Warren
16350	Sugar Grove, PA	Warren
16351	Tidioute, PA	Warren
16352	Tiona, PA	Warren
16353	Tionesta, PA	Forest
16354	Titusville, PA	Venango
16360	Townville, PA	Crawford
16361	Tylersburg, PA	Clarion
16362	Utica, PA	Venango
16364	Venus, PA	Venango
16365	Warren, PA	Warren
16366	Warren, PA	Warren
16367	Warren, PA	Warren
16368	Warren, PA	Warren
16369	Warren, PA	Warren
16370	West Hickory, PA	Forest
16371	Youngsville, PA	Warren
16372	Clintonville, PA	Venango
16373	Emlenton, PA	Venango
16374	Kennerdell, PA	Venango
16375	Lamartine, PA	Clarion
16388	Meadville, PA	Crawford
16401	Albion, PA	Erie
16402	Bear Lake, PA	Warren
16403	Cambridge Springs, PA	Crawford
16404	Centerville, PA	Crawford
16405	Columbus, PA	Warren
16406	Conneautville, PA	Crawford
16407	Corry, PA	Erie
16410	Cranesville, PA	Erie
16411	East Springfield, PA	Erie
16412	Edinboro, PA	Erie
16413	Elgin, PA	Erie
16415	Fairview, PA	Erie
16416	Garland, PA	Warren
16417	Girard, PA	Erie
16420	Grand Valley, PA	Warren
16421	Harborcreek, PA	Erie
16422	Harmonsburg, PA	Crawford
16423	Lake City, PA	Erie
16424	Linesville, PA	Crawford
16426	Mc Kean, PA	Erie
16427	Mill Village, PA	Erie
16428	North East, PA	Erie
16430	North Springfield, PA	Erie
16432	Riceville, PA	Crawford
16433	Saegertown, PA	Crawford
16434	Spartansburg, PA	Crawford
16435	Springboro, PA	Crawford
16436	Spring Creek, PA	Warren
16438	Union City, PA	Erie
16440	Venango, PA	Crawford
16441	Waterford, PA	Erie
16442	Wattsburg, PA	Erie
16443	West Springfield, PA	Erie
16444	Edinboro, PA	Erie
16475	Albion, PA	Erie
16501	Erie, PA	Erie
16502	Erie, PA	Erie
16503	Erie, PA	Erie
16504	Erie, PA	Erie
16505	Erie, PA	Erie
16506	Erie, PA	Erie
16507	Erie, PA	Erie
16508	Erie, PA	Erie
16509	Erie, PA	Erie
16510	Erie, PA	Erie
16511	Erie, PA	Erie
16512	Erie, PA	Erie
16514	Erie, PA	Erie
16515	Erie, PA	Erie
16522	Erie, PA	Erie
16530	Erie, PA	Erie
16531	Erie, PA	Erie
16532	Erie, PA	Erie
16533	Erie, PA	Erie
16534	Erie, PA	Erie
16538	Erie, PA	Erie
16541	Erie, PA	Erie
16544	Erie, PA	Erie
16546	Erie, PA	Erie
16550	Erie, PA	Erie
16553	Erie, PA	Erie
16554	Erie, PA	Erie
16563	Erie, PA	Erie
16565	Erie, PA	Erie
16601	Altoona, PA	Blair
16602	Altoona, PA	Blair
16603	Altoona, PA	Blair
16611	Alexandria, PA	Huntingdon
16613	Ashville, PA	Cambria
16616	Beccaria, PA	Clearfield
16617	Bellwood, PA	Blair
16619	Blandburg, PA	Cambria
16620	Brisbin, PA	Clearfield
16621	Broad Top, PA	Huntingdon
16622	Calvin, PA	Huntingdon
16623	Cassville, PA	Huntingdon
16624	Chest Springs, PA	Cambria
16625	Claysburg, PA	Blair
16627	Coalport, PA	Clearfield
16629	Coupon, PA	Cambria
16630	Cresson, PA	Cambria
16631	Curryville, PA	Blair
16633	Defiance, PA	Bedford
16634	Dudley, PA	Huntingdon
16635	Duncansville, PA	Blair
16636	Dysart, PA	Cambria
16637	East Freedom, PA	Blair
16638	Entriken, PA	Huntingdon
16639	Fallentimber, PA	Cambria
16640	Flinton, PA	Cambria
16641	Gallitzin, PA	Cambria
16644	Glasgow, PA	Beaver
16645	Glen Hope, PA	Clearfield
16646	Hastings, PA	Cambria
16647	Hesston, PA	Huntingdon
16648	Hollidaysburg, PA	Blair
16650	Hopewell, PA	Bedford
16651	Houtzdale, PA	Clearfield
16652	Huntingdon, PA	Huntingdon
16654	Huntingdon, PA	Huntingdon
16655	Imler, PA	Bedford
16656	Irvona, PA	Clearfield
16657	James Creek, PA	Huntingdon
16659	Loysburg, PA	Bedford
16660	Mc Connellstown, PA	Huntingdon
16661	Madera, PA	Clearfield
16662	Martinsburg, PA	Blair
16663	Morann, PA	Clearfield
16664	New Enterprise, PA	Bedford
16665	Newry, PA	Blair
16666	Osceola Mills, PA	Clearfield
16667	Osterburg, PA	Bedford
16668	Patton, PA	Cambria
16669	Petersburg, PA	Huntingdon
16670	Queen, PA	Bedford
16671	Ramey, PA	Clearfield
16672	Riddlesburg, PA	Bedford
16673	Roaring Spring, PA	Blair
16674	Robertsdale, PA	Huntingdon
16675	Saint Boniface, PA	Cambria
16677	Sandy Ridge, PA	Centre
16678	Saxton, PA	Bedford
16679	Six Mile Run, PA	Bedford
16680	Smithmill, PA	Clearfield
16681	Smokerun, PA	Clearfield
16682	Sproul, PA	Blair
16683	Spruce Creek, PA	Huntingdon
16684	Tipton, PA	Blair
16685	Todd, PA	Huntingdon
16686	Tyrone, PA	Blair
16689	Waterfall, PA	Fulton
16691	Wells Tannery, PA	Fulton
16692	Westover, PA	Clearfield
16693	Williamsburg, PA	Blair
16694	Wood, PA	Bedford
16695	Woodbury, PA	Bedford
16698	Houtzdale, PA	Clearfield
16699	Cresson, PA	Cambria
16701	Bradford, PA	McKean
16720	Austin, PA	Potter
16724	Crosby, PA	McKean
16725	Custer City, PA	McKean
16726	Cyclone, PA	McKean
16727	Derrick City, PA	McKean
16728	De Young, PA	Elk
16729	Duke Center, PA	McKean
16730	East Smethport, PA	McKean
16731	Eldred, PA	McKean
16732	Gifford, PA	McKean
16733	Hazel Hurst, PA	McKean
16734	James City, PA	Elk
16735	Kane, PA	McKean
16738	Lewis Run, PA	McKean
16740	Mount Jewett, PA	McKean
16743	Port Allegany, PA	McKean
16744	Rew, PA	McKean
16745	Rixford, PA	McKean
16746	Roulette, PA	Potter
16748	Shinglehouse, PA	Potter
16749	Smethport, PA	McKean
16750	Turtlepoint, PA	McKean
16801	State College, PA	Centre
16802	University Park, PA	Centre
16803	State College, PA	Centre
16804	State College, PA	Centre
16805	State College, PA	Centre
16820	Aaronsburg, PA	Centre
16821	Allport, PA	Clearfield
16822	Beech Creek, PA	Clinton
16823	Bellefonte, PA	Centre
16825	Bigler, PA	Clearfield
16826	Blanchard, PA	Centre
16827	Boalsburg, PA	Centre
16828	Centre Hall, PA	Centre
16829	Clarence, PA	Centre
16830	Clearfield, PA	Clearfield
16832	Coburn, PA	Centre
16833	Curwensville, PA	Clearfield
16834	Drifting, PA	Clearfield
16835	Fleming, PA	Centre
16836	Frenchville, PA	Clearfield
16837	Glen Richey, PA	Clearfield
16838	Grampian, PA	Clearfield
16839	Grassflat, PA	Clearfield
16840	Hawk Run, PA	Clearfield
16841	Howard, PA	Centre
16843	Hyde, PA	Clearfield
16844	Julian, PA	Centre
16845	Karthaus, PA	Centre
16847	Kylertown, PA	Clearfield
16848	Lamar, PA	Clinton
16849	Lanse, PA	Clearfield
16850	Lecontes Mills, PA	Clearfield
16851	Lemont, PA	Centre
16852	Madisonburg, PA	Centre
16853	Milesburg, PA	Centre
16854	Millheim, PA	Centre
16855	Mineral Springs, PA	Clearfield
16856	Mingoville, PA	Centre
16858	Morrisdale, PA	Clearfield
16859	Moshannon, PA	Centre
16860	Munson, PA	Clearfield
16861	New Millport, PA	Clearfield
16863	Olanta, PA	Clearfield
16864	Orviston, PA	Centre
16865	Pennsylvania Furnace, PA	Centre
16866	Philipsburg, PA	Centre
16868	Pine Grove Mills, PA	Centre
16870	Port Matilda, PA	Centre
16871	Pottersdale, PA	Clinton
16872	Rebersburg, PA	Centre
16873	Shawville, PA	Clearfield
16874	Snow Shoe, PA	Centre
16875	Spring Mills, PA	Centre
16876	Wallaceton, PA	Clearfield
16877	Warriors Mark, PA	Centre
16878	West Decatur, PA	Clearfield
16879	Winburne, PA	Clearfield
16881	Woodland, PA	Clearfield
16882	Woodward, PA	Centre
16901	Wellsboro, PA	Tioga
16910	Alba, PA	Bradford
16911	Arnot, PA	Tioga
16912	Blossburg, PA	Tioga
16914	Columbia Cross Roads, PA	Bradford
16915	Coudersport, PA	Potter
16917	Covington, PA	Tioga
16918	Cowanesque, PA	Tioga
16920	Elkland, PA	Tioga
16921	Gaines, PA	Tioga
16922	Galeton, PA	Potter
16923	Genesee, PA	Potter
16925	Gillett, PA	Bradford
16926	Granville Summit, PA	Bradford
16927	Harrison Valley, PA	Potter
16928	Knoxville, PA	Tioga
16929	Lawrenceville, PA	Tioga
16930	Liberty, PA	Tioga
16932	Mainesburg, PA	Tioga
16933	Mansfield, PA	Tioga
16935	Middlebury Center, PA	Tioga
16936	Millerton, PA	Tioga
16937	Mills, PA	Potter
16938	Morris, PA	Tioga
16939	Morris Run, PA	Tioga
16940	Nelson, PA	Tioga
16941	Genesee, PA	Potter
16942	Osceola, PA	Tioga
16943	Sabinsville, PA	Potter
16945	Sylvania, PA	Bradford
16946	Tioga, PA	Tioga
16947	Troy, PA	Bradford
16948	Ulysses, PA	Potter
16950	Westfield, PA	Tioga
17001	Camp Hill, PA	Cumberland
17002	Allensville, PA	Huntingdon
17003	Annville, PA	Lebanon
17004	Belleville, PA	Mifflin
17005	Berrysburg, PA	Dauphin
17006	Blain, PA	Perry
17007	Boiling Springs, PA	Cumberland
17008	Bowmansdale, PA	Cumberland
17009	Burnham, PA	Mifflin
17010	Campbelltown, PA	Lebanon
17011	Camp Hill, PA	Cumberland
17012	Camp Hill, PA	Cumberland
17013	Carlisle, PA	Cumberland
17014	Cocolamus, PA	Juniata
17015	Carlisle, PA	Cumberland
17016	Cornwall, PA	Lebanon
17017	Dalmatia, PA	Northumberland
17018	Dauphin, PA	Dauphin
17019	Dillsburg, PA	York
17020	Duncannon, PA	Perry
17021	East Waterford, PA	Juniata
17022	Elizabethtown, PA	Lancaster
17023	Elizabethville, PA	Dauphin
17024	Elliottsburg, PA	Perry
17025	Enola, PA	Cumberland
17026	Fredericksburg, PA	Lebanon
17027	Grantham, PA	Cumberland
17028	Grantville, PA	Dauphin
17029	Granville, PA	Mifflin
17030	Gratz, PA	Dauphin
17032	Halifax, PA	Dauphin
17033	Hershey, PA	Dauphin
17034	Highspire, PA	Dauphin
17035	Honey Grove, PA	Juniata
17036	Hummelstown, PA	Dauphin
17037	Ickesburg, PA	Perry
17038	Jonestown, PA	Lebanon
17039	Kleinfeltersville, PA	Lebanon
17040	Landisburg, PA	Perry
17041	Lawn, PA	Lebanon
17042	Lebanon, PA	Lebanon
17043	Lemoyne, PA	Cumberland
17044	Lewistown, PA	Mifflin
17045	Liverpool, PA	Perry
17046	Lebanon, PA	Lebanon
17047	Loysville, PA	Perry
17048	Lykens, PA	Dauphin
17049	Mc Alisterville, PA	Juniata
17050	Mechanicsburg, PA	Cumberland
17051	Mc Veytown, PA	Mifflin
17052	Mapleton Depot, PA	Huntingdon
17053	Marysville, PA	Perry
17054	Mattawana, PA	Mifflin
17055	Mechanicsburg, PA	Cumberland
17056	Mexico, PA	Juniata
17057	Middletown, PA	Dauphin
17058	Mifflin, PA	Juniata
17059	Mifflintown, PA	Juniata
17060	Mill Creek, PA	Huntingdon
17061	Millersburg, PA	Dauphin
17062	Millerstown, PA	Perry
17063	Milroy, PA	Mifflin
17064	Mount Gretna, PA	Lebanon
17065	Mount Holly Springs, PA	Cumberland
17066	Mount Union, PA	Huntingdon
17067	Myerstown, PA	Lebanon
17068	New Bloomfield, PA	Perry
17069	New Buffalo, PA	Perry
17070	New Cumberland, PA	Cumberland
17071	New Germantown, PA	Perry
17072	New Kingstown, PA	Cumberland
17073	Newmanstown, PA	Lebanon
17074	Newport, PA	Perry
17075	Newton Hamilton, PA	Mifflin
17076	Oakland Mills, PA	Juniata
17077	Ono, PA	Lebanon
17078	Palmyra, PA	Lebanon
17080	Pillow, PA	Dauphin
17081	Plainfield, PA	Cumberland
17082	Port Royal, PA	Juniata
17083	Quentin, PA	Lebanon
17084	Reedsville, PA	Mifflin
17085	Rexmont, PA	Lebanon
17086	Richfield, PA	Juniata
17087	Richland, PA	Allegheny
17087	Richland, PA	Lebanon
17088	Schaefferstown, PA	Lebanon
17089	Camp Hill, PA	Cumberland
17090	Shermans Dale, PA	Perry
17091	Lebanon, PA	Lebanon
17093	Summerdale, PA	Cumberland
17094	Thompsontown, PA	Juniata
17097	Wiconisco, PA	Dauphin
17098	Williamstown, PA	Dauphin
17099	Yeagertown, PA	Mifflin
17101	Harrisburg, PA	Dauphin
17102	Harrisburg, PA	Dauphin
17103	Harrisburg, PA	Dauphin
17104	Harrisburg, PA	Dauphin
17105	Harrisburg, PA	Dauphin
17106	Harrisburg, PA	Dauphin
17107	Harrisburg, PA	Dauphin
17108	Harrisburg, PA	Dauphin
17109	Harrisburg, PA	Dauphin
17110	Harrisburg, PA	Dauphin
17111	Harrisburg, PA	Dauphin
17112	Harrisburg, PA	Dauphin
17113	Harrisburg, PA	Dauphin
17120	Harrisburg, PA	Dauphin
17121	Harrisburg, PA	Dauphin
17122	Harrisburg, PA	Dauphin
17123	Harrisburg, PA	Dauphin
17124	Harrisburg, PA	Dauphin
17125	Harrisburg, PA	Dauphin
17126	Harrisburg, PA	Dauphin
17127	Harrisburg, PA	Dauphin
17128	Harrisburg, PA	Dauphin
17129	Harrisburg, PA	Dauphin
17130	Harrisburg, PA	Dauphin
17140	Harrisburg, PA	Dauphin
17177	Harrisburg, PA	Dauphin
17201	Chambersburg, PA	Franklin
17202	Chambersburg, PA	Franklin
17210	Amberson, PA	Franklin
17211	Artemas, PA	Bedford
17212	Big Cove Tannery, PA	Fulton
17213	Blairs Mills, PA	Huntingdon
17214	Blue Ridge Summit, PA	Franklin
17215	Burnt Cabins, PA	Fulton
17217	Concord, PA	Franklin
17219	Doylesburg, PA	Franklin
17220	Dry Run, PA	Franklin
17221	Fannettsburg, PA	Franklin
17222	Fayetteville, PA	Franklin
17223	Fort Littleton, PA	Fulton
17224	Fort Loudon, PA	Franklin
17225	Greencastle, PA	Franklin
17228	Harrisonville, PA	Fulton
17229	Hustontown, PA	Fulton
17231	Lemasters, PA	Franklin
17232	Lurgan, PA	Franklin
17233	Mc Connellsburg, PA	Fulton
17235	Marion, PA	Franklin
17236	Mercersburg, PA	Franklin
17237	Mont Alto, PA	Franklin
17238	Needmore, PA	Fulton
17239	Neelyton, PA	Huntingdon
17240	Newburg, PA	Clearfield
17240	Newburg, PA	Cumberland
17241	Newville, PA	Cumberland
17243	Orbisonia, PA	Huntingdon
17244	Orrstown, PA	Franklin
17246	Pleasant Hall, PA	Franklin
17247	Quincy, PA	Franklin
17249	Rockhill Furnace, PA	Huntingdon
17250	Rouzerville, PA	Franklin
17251	Roxbury, PA	Franklin
17252	Saint Thomas, PA	Franklin
17253	Saltillo, PA	Huntingdon
17254	Scotland, PA	Franklin
17255	Shade Gap, PA	Huntingdon
17256	Shady Grove, PA	Franklin
17257	Shippensburg, PA	Cumberland
17260	Shirleysburg, PA	Huntingdon
17261	South Mountain, PA	Franklin
17262	Spring Run, PA	Franklin
17263	State Line, PA	Franklin
17264	Three Springs, PA	Huntingdon
17265	Upperstrasburg, PA	Franklin
17266	Walnut Bottom, PA	Cumberland
17267	Warfordsburg, PA	Fulton
17268	Waynesboro, PA	Franklin
17270	Williamson, PA	Franklin
17271	Willow Hill, PA	Franklin
17272	Zullinger, PA	Franklin
17301	Abbottstown, PA	Adams
17302	Airville, PA	York
17303	Arendtsville, PA	Adams
17304	Aspers, PA	Adams
17306	Bendersville, PA	Adams
17307	Biglerville, PA	Adams
17309	Brogue, PA	York
17310	Cashtown, PA	Adams
17311	Codorus, PA	York
17312	Craley, PA	York
17313	Dallastown, PA	York
17314	Delta, PA	York
17315	Dover, PA	York
17316	East Berlin, PA	Adams
17317	East Prospect, PA	York
17318	Emigsville, PA	York
17319	Etters, PA	York
17320	Fairfield, PA	Adams
17321	Fawn Grove, PA	York
17322	Felton, PA	York
17323	Franklintown, PA	York
17324	Gardners, PA	Adams
17325	Gettysburg, PA	Adams
17326	Gettysburg, PA	Adams
17327	Glen Rock, PA	York
17329	Glenville, PA	York
17331	Hanover, PA	Lehigh
17331	Hanover, PA	York
17332	Hanover, PA	Lehigh
17332	Hanover, PA	York
17333	Hanover, PA	Lehigh
17333	Hanover, PA	York
17334	Hanover, PA	Lehigh
17334	Hanover, PA	York
17335	Hanover, PA	Lehigh
17335	Hanover, PA	York
17337	Idaville, PA	Adams
17339	Lewisberry, PA	York
17340	Littlestown, PA	Adams
17342	Loganville, PA	York
17343	Mc Knightstown, PA	Adams
17344	Mc Sherrystown, PA	Adams
17345	Manchester, PA	York
17347	Mount Wolf, PA	York
17349	New Freedom, PA	York
17350	New Oxford, PA	Adams
17352	New Park, PA	York
17353	Orrtanna, PA	Adams
17354	Porters Sideling, PA	York
17355	Railroad, PA	York
17356	Red Lion, PA	York
17358	Rossville, PA	York
17360	Seven Valleys, PA	York
17361	Shrewsbury, PA	York
17362	Spring Grove, PA	York
17363	Stewartstown, PA	York
17364	Thomasville, PA	York
17365	Wellsville, PA	York
17366	Windsor, PA	York
17368	Wrightsville, PA	York
17370	York Haven, PA	York
17371	York New Salem, PA	York
17372	York Springs, PA	Adams
17375	Peach Glen, PA	Adams
17401	York, PA	York
17402	York, PA	York
17403	York, PA	York
17404	York, PA	York
17405	York, PA	York
17406	York, PA	York
17407	York, PA	York
17408	York, PA	York
17415	York, PA	York
17501	Akron, PA	Lancaster
17502	Bainbridge, PA	Lancaster
17503	Bart, PA	Lancaster
17504	Bausman, PA	Lancaster
17505	Bird In Hand, PA	Lancaster
17506	Blue Ball, PA	Lancaster
17507	Bowmansville, PA	Lancaster
17508	Brownstown, PA	Lancaster
17509	Christiana, PA	Lancaster
17512	Columbia, PA	Lancaster
17516	Conestoga, PA	Lancaster
17517	Denver, PA	Lancaster
17518	Drumore, PA	Lancaster
17519	East Earl, PA	Lancaster
17520	East Petersburg, PA	Lancaster
17521	Elm, PA	Lancaster
17522	Ephrata, PA	Lancaster
17527	Gap, PA	Lancaster
17528	Goodville, PA	Lancaster
17529	Gordonville, PA	Lancaster
17532	Holtwood, PA	Lancaster
17533	Hopeland, PA	Lancaster
17534	Intercourse, PA	Lancaster
17535	Kinzers, PA	Lancaster
17536	Kirkwood, PA	Lancaster
17537	Lampeter, PA	Lancaster
17538	Landisville, PA	Lancaster
17540	Leola, PA	Lancaster
17543	Lititz, PA	Lancaster
17545	Manheim, PA	Lancaster
17547	Marietta, PA	Lancaster
17549	Martindale, PA	Lancaster
17550	Maytown, PA	Lancaster
17551	Millersville, PA	Lancaster
17552	Mount Joy, PA	Lancaster
17554	Mountville, PA	Lancaster
17555	Narvon, PA	Lancaster
17557	New Holland, PA	Lancaster
17560	New Providence, PA	Lancaster
17562	Paradise, PA	Lancaster
17563	Peach Bottom, PA	Lancaster
17564	Penryn, PA	Lancaster
17565	Pequea, PA	Lancaster
17566	Quarryville, PA	Lancaster
17567	Reamstown, PA	Lancaster
17568	Refton, PA	Lancaster
17569	Reinholds, PA	Lancaster
17570	Rheems, PA	Lancaster
17572	Ronks, PA	Lancaster
17573	Lancaster, PA	Lancaster
17575	Silver Spring, PA	Lancaster
17576	Smoketown, PA	Lancaster
17578	Stevens, PA	Lancaster
17579	Strasburg, PA	Lancaster
17580	Talmage, PA	Lancaster
17581	Terre Hill, PA	Lancaster
17582	Washington Boro, PA	Lancaster
17583	West Willow, PA	Lancaster
17584	Willow Street, PA	Lancaster
17585	Witmer, PA	Lancaster
17601	Lancaster, PA	Lancaster
17602	Lancaster, PA	Lancaster
17603	Lancaster, PA	Lancaster
17604	Lancaster, PA	Lancaster
17605	Lancaster, PA	Lancaster
17606	Lancaster, PA	Lancaster
17607	Lancaster, PA	Lancaster
17608	Lancaster, PA	Lancaster
17611	Lancaster, PA	Lancaster
17622	Lancaster, PA	Lancaster
17699	Lancaster, PA	Lancaster
17701	Williamsport, PA	Clinton
17701	Williamsport, PA	Lycoming
17702	Williamsport, PA	Clinton
17702	Williamsport, PA	Lycoming
17703	Williamsport, PA	Clinton
17703	Williamsport, PA	Lycoming
17705	Williamsport, PA	Clinton
17705	Williamsport, PA	Lycoming
17720	Antes Fort, PA	Lycoming
17721	Avis, PA	Clinton
17723	Cammal, PA	Lycoming
17724	Canton, PA	Bradford
17726	Castanea, PA	Clinton
17727	Cedar Run, PA	Lycoming
17728	Cogan Station, PA	Lycoming
17729	Cross Fork, PA	Potter
17730	Dewart, PA	Northumberland
17731	Eagles Mere, PA	Sullivan
17735	Grover, PA	Bradford
17737	Hughesville, PA	Lycoming
17738	North Bend, PA	Clinton
17739	Jersey Mills, PA	Lycoming
17740	Jersey Shore, PA	Lycoming
17742	Lairdsville, PA	Lycoming
17744	Linden, PA	Lycoming
17745	Lock Haven, PA	Clinton
17747	Loganton, PA	Clinton
17748	Mc Elhattan, PA	Clinton
17749	Mc Ewensville, PA	Northumberland
17750	Mackeyville, PA	Clinton
17751	Mill Hall, PA	Clinton
17752	Montgomery, PA	Lycoming
17754	Montoursville, PA	Lycoming
17756	Muncy, PA	Lycoming
17758	Muncy Valley, PA	Sullivan
17760	North Bend, PA	Clinton
17762	Picture Rocks, PA	Lycoming
17763	Ralston, PA	Lycoming
17764	Renovo, PA	Clinton
17765	Roaring Branch, PA	Tioga
17767	Salona, PA	Clinton
17768	Shunk, PA	Sullivan
17769	Slate Run, PA	Lycoming
17771	Trout Run, PA	Lycoming
17772	Turbotville, PA	Northumberland
17773	Tylersville, PA	Clinton
17774	Unityville, PA	Lycoming
17776	Waterville, PA	Lycoming
17777	Watsontown, PA	Northumberland
17778	Westport, PA	Clinton
17779	Woolrich, PA	Clinton
17801	Sunbury, PA	Northumberland
17810	Allenwood, PA	Lycoming
17812	Beaver Springs, PA	Snyder
17813	Beavertown, PA	Snyder
17814	Benton, PA	Columbia
17815	Bloomsburg, PA	Columbia
17820	Catawissa, PA	Columbia
17821	Danville, PA	Montour
17822	Danville, PA	Montour
17823	Dornsife, PA	Northumberland
17824	Elysburg, PA	Columbia
17827	Freeburg, PA	Snyder
17829	Hartleton, PA	Union
17830	Herndon, PA	Northumberland
17831	Hummels Wharf, PA	Snyder
17832	Marion Heights, PA	Northumberland
17833	Kreamer, PA	Snyder
17834	Kulpmont, PA	Northumberland
17835	Laurelton, PA	Union
17836	Leck Kill, PA	Northumberland
17837	Lewisburg, PA	Union
17839	Lightstreet, PA	Columbia
17840	Locust Gap, PA	Northumberland
17841	Mc Clure, PA	Mifflin
17842	Middleburg, PA	Snyder
17843	Beaver Springs, PA	Snyder
17844	Mifflinburg, PA	Union
17845	Millmont, PA	Union
17846	Millville, PA	Columbia
17847	Milton, PA	Northumberland
17850	Montandon, PA	Northumberland
17851	Mount Carmel, PA	Northumberland
17853	Mount Pleasant Mills, PA	Snyder
17855	New Berlin, PA	Union
17856	New Columbia, PA	Union
17857	Northumberland, PA	Northumberland
17858	Numidia, PA	Columbia
17859	Orangeville, PA	Columbia
17860	Paxinos, PA	Northumberland
17861	Paxtonville, PA	Snyder
17862	Penns Creek, PA	Snyder
17864	Port Trevorton, PA	Snyder
17865	Potts Grove, PA	Northumberland
17866	Coal Township, PA	Northumberland
17867	Rebuck, PA	Northumberland
17868	Riverside, PA	Northumberland
17870	Selinsgrove, PA	Snyder
17872	Shamokin, PA	Northumberland
17876	Shamokin Dam, PA	Snyder
17877	Snydertown, PA	Northumberland
17878	Stillwater, PA	Columbia
17880	Swengel, PA	Union
17881	Trevorton, PA	Northumberland
17882	Troxelville, PA	Snyder
17883	Vicksburg, PA	Union
17884	Washingtonville, PA	Montour
17885	Weikert, PA	Union
17886	West Milton, PA	Union
17887	White Deer, PA	Union
17888	Wilburton, PA	Columbia
17889	Winfield, PA	Snyder
17901	Pottsville, PA	Schuylkill
17920	Aristes, PA	Columbia
17921	Ashland, PA	Schuylkill
17922	Auburn, PA	Schuylkill
17923	Branchdale, PA	Schuylkill
17925	Brockton, PA	Schuylkill
17929	Cressona, PA	Schuylkill
17930	Cumbola, PA	Schuylkill
17931	Frackville, PA	Schuylkill
17932	Frackville, PA	Schuylkill
17933	Friedensburg, PA	Schuylkill
17934	Gilberton, PA	Schuylkill
17935	Girardville, PA	Schuylkill
17936	Gordon, PA	Schuylkill
17938	Hegins, PA	Schuylkill
17941	Klingerstown, PA	Schuylkill
17942	Landingville, PA	Schuylkill
17943	Lavelle, PA	Schuylkill
17944	Llewellyn, PA	Schuylkill
17945	Locustdale, PA	Schuylkill
17946	Lost Creek, PA	Schuylkill
17948	Mahanoy City, PA	Schuylkill
17949	Mahanoy Plane, PA	Schuylkill
17951	Mar Lin, PA	Schuylkill
17952	Mary D, PA	Schuylkill
17953	Middleport, PA	Schuylkill
17954	Minersville, PA	Schuylkill
17957	Muir, PA	Schuylkill
17959	New Philadelphia, PA	Schuylkill
17960	New Ringgold, PA	Schuylkill
17961	Orwigsburg, PA	Schuylkill
17963	Pine Grove, PA	Schuylkill
17964	Pitman, PA	Schuylkill
17965	Port Carbon, PA	Schuylkill
17966	Ravine, PA	Schuylkill
17967	Ringtown, PA	Schuylkill
17968	Sacramento, PA	Schuylkill
17970	Saint Clair, PA	Schuylkill
17972	Schuylkill Haven, PA	Schuylkill
17974	Seltzer, PA	Schuylkill
17976	Shenandoah, PA	Schuylkill
17978	Spring Glen, PA	Schuylkill
17979	Summit Station, PA	Schuylkill
17980	Tower City, PA	Schuylkill
17981	Tremont, PA	Schuylkill
17982	Tuscarora, PA	Schuylkill
17983	Valley View, PA	Schuylkill
17985	Zion Grove, PA	Schuylkill
18001	Lehigh Valley, PA	Northampton
18002	Lehigh Valley, PA	Northampton
18003	Lehigh Valley, PA	Northampton
18010	Ackermanville, PA	Northampton
18011	Alburtis, PA	Lehigh
18012	Aquashicola, PA	Carbon
18013	Bangor, PA	Northampton
18014	Bath, PA	Northampton
18015	Bethlehem, PA	Northampton
18016	Bethlehem, PA	Lehigh
18017	Bethlehem, PA	Northampton
18018	Bethlehem, PA	Lehigh
18020	Bethlehem, PA	Northampton
18025	Bethlehem, PA	Lehigh
18030	Bowmanstown, PA	Carbon
18031	Breinigsville, PA	Lehigh
18032	Catasauqua, PA	Lehigh
18034	Center Valley, PA	Lehigh
18035	Cherryville, PA	Northampton
18036	Coopersburg, PA	Lehigh
18037	Coplay, PA	Lehigh
18038	Danielsville, PA	Northampton
18039	Durham, PA	Bucks
18040	Easton, PA	Northampton
18041	East Greenville, PA	Montgomery
18042	Easton, PA	Northampton
18043	Easton, PA	Northampton
18044	Easton, PA	Northampton
18045	Easton, PA	Northampton
18046	East Texas, PA	Lehigh
18049	Emmaus, PA	Lehigh
18050	Flicksville, PA	Northampton
18051	Fogelsville, PA	Lehigh
18052	Whitehall, PA	Lehigh
18053	Germansville, PA	Lehigh
18054	Green Lane, PA	Montgomery
18055	Hellertown, PA	Northampton
18056	Hereford, PA	Berks
18058	Kunkletown, PA	Monroe
18059	Laurys Station, PA	Lehigh
18060	Limeport, PA	Lehigh
18062	Macungie, PA	Lehigh
18063	Martins Creek, PA	Northampton
18064	Nazareth, PA	Northampton
18065	Neffs, PA	Lehigh
18066	New Tripoli, PA	Lehigh
18067	Northampton, PA	Northampton
18068	Old Zionsville, PA	Lehigh
18069	Orefield, PA	Lehigh
18070	Palm, PA	Montgomery
18071	Palmerton, PA	Carbon
18072	Pen Argyl, PA	Northampton
18073	Pennsburg, PA	Montgomery
18074	Perkiomenville, PA	Montgomery
18076	Red Hill, PA	Montgomery
18077	Riegelsville, PA	Bucks
18078	Schnecksville, PA	Lehigh
18079	Slatedale, PA	Lehigh
18080	Slatington, PA	Lehigh
18081	Springtown, PA	Bucks
18083	Stockertown, PA	Northampton
18084	Sumneytown, PA	Montgomery
18085	Tatamy, PA	Northampton
18086	Treichlers, PA	Northampton
18087	Trexlertown, PA	Lehigh
18088	Walnutport, PA	Northampton
18091	Wind Gap, PA	Northampton
18092	Zionsville, PA	Lehigh
18098	Emmaus, PA	Lehigh
18099	Emmaus, PA	Lehigh
18101	Allentown, PA	Lehigh
18102	Allentown, PA	Lehigh
18103	Allentown, PA	Lehigh
18104	Allentown, PA	Lehigh
18105	Allentown, PA	Lehigh
18106	Allentown, PA	Lehigh
18109	Allentown, PA	Lehigh
18175	Allentown, PA	Lehigh
18195	Allentown, PA	Lehigh
18201	Hazleton, PA	Luzerne
18202	Hazleton, PA	Luzerne
18210	Albrightsville, PA	Carbon
18211	Andreas, PA	Schuylkill
18212	Ashfield, PA	Carbon
18214	Barnesville, PA	Schuylkill
18216	Beaver Meadows, PA	Carbon
18218	Coaldale, PA	Bedford
18218	Coaldale, PA	Schuylkill
18219	Conyngham, PA	Luzerne
18220	Delano, PA	Schuylkill
18221	Drifton, PA	Luzerne
18222	Drums, PA	Luzerne
18223	Ebervale, PA	Luzerne
18224	Freeland, PA	Luzerne
18225	Harleigh, PA	Luzerne
18229	Jim Thorpe, PA	Carbon
18230	Junedale, PA	Carbon
18231	Kelayres, PA	Schuylkill
18232	Lansford, PA	Carbon
18234	Lattimer Mines, PA	Luzerne
18235	Lehighton, PA	Carbon
18237	Mcadoo, PA	Schuylkill
18239	Milnesville, PA	Luzerne
18240	Nesquehoning, PA	Carbon
18241	Nuremberg, PA	Luzerne
18242	Oneida, PA	Schuylkill
18244	Parryville, PA	Carbon
18245	Quakake, PA	Schuylkill
18246	Rock Glen, PA	Luzerne
18247	Saint Johns, PA	Luzerne
18248	Sheppton, PA	Schuylkill
18249	Sugarloaf, PA	Luzerne
18250	Summit Hill, PA	Carbon
18251	Sybertsville, PA	Luzerne
18252	Tamaqua, PA	Schuylkill
18254	Tresckow, PA	Carbon
18255	Weatherly, PA	Carbon
18256	Weston, PA	Luzerne
18301	East Stroudsburg, PA	Monroe
18302	East Stroudsburg, PA	Monroe
18320	Analomink, PA	Monroe
18321	Bartonsville, PA	Monroe
18322	Brodheadsville, PA	Monroe
18323	Buck Hill Falls, PA	Monroe
18324	Bushkill, PA	Pike
18325	Canadensis, PA	Monroe
18326	Cresco, PA	Monroe
18327	Delaware Water Gap, PA	Monroe
18328	Dingmans Ferry, PA	Pike
18330	Effort, PA	Monroe
18331	Gilbert, PA	Monroe
18332	Henryville, PA	Monroe
18333	Kresgeville, PA	Monroe
18334	Long Pond, PA	Monroe
18335	Marshalls Creek, PA	Monroe
18336	Matamoras, PA	Pike
18337	Milford, PA	Pike
18340	Millrift, PA	Pike
18341	Minisink Hills, PA	Monroe
18342	Mountainhome, PA	Monroe
18343	Mount Bethel, PA	Northampton
18344	Mount Pocono, PA	Monroe
18346	Pocono Summit, PA	Monroe
18347	Pocono Lake, PA	Monroe
18348	Pocono Lake Preserve, PA	Monroe
18349	Pocono Manor, PA	Monroe
18350	Pocono Pines, PA	Monroe
18351	Portland, PA	Northampton
18352	Reeders, PA	Monroe
18353	Saylorsburg, PA	Monroe
18354	Sciota, PA	Monroe
18355	Scotrun, PA	Monroe
18356	Shawnee On Delaware, PA	Monroe
18357	Skytop, PA	Monroe
18360	Stroudsburg, PA	Monroe
18370	Swiftwater, PA	Monroe
18371	Tamiment, PA	Pike
18372	Tannersville, PA	Monroe
18373	Unity House, PA	Pike
18403	Archbald, PA	Lackawanna
18405	Beach Lake, PA	Wayne
18407	Carbondale, PA	Lackawanna
18410	Chinchilla, PA	Lackawanna
18411	Clarks Summit, PA	Lackawanna
18413	Clifford, PA	Susquehanna
18414	Dalton, PA	Lackawanna
18415	Damascus, PA	Wayne
18416	Elmhurst, PA	Lackawanna
18417	Equinunk, PA	Wayne
18419	Factoryville, PA	Wyoming
18420	Fleetville, PA	Lackawanna
18421	Forest City, PA	Susquehanna
18424	Gouldsboro, PA	Lackawanna
18425	Greeley, PA	Pike
18426	Greentown, PA	Pike
18427	Hamlin, PA	Wayne
18428	Hawley, PA	Pike
18430	Herrick Center, PA	Susquehanna
18431	Honesdale, PA	Wayne
18433	Jermyn, PA	Lackawanna
18434	Jessup, PA	Lackawanna
18435	Lackawaxen, PA	Pike
18436	Lake Ariel, PA	Wayne
18437	Lake Como, PA	Wayne
18438	Lakeville, PA	Wayne
18439	Lakewood, PA	Wayne
18440	La Plume, PA	Lackawanna
18441	Lenoxville, PA	Susquehanna
18443	Milanville, PA	Wayne
18444	Moscow, PA	Lackawanna
18445	Newfoundland, PA	Wayne
18446	Nicholson, PA	Wyoming
18447	Olyphant, PA	Lackawanna
18448	Olyphant, PA	Lackawanna
18449	Orson, PA	Wayne
18451	Paupack, PA	Pike
18452	Peckville, PA	Lackawanna
18453	Pleasant Mount, PA	Wayne
18454	Poyntelle, PA	Wayne
18455	Preston Park, PA	Wayne
18456	Prompton, PA	Wayne
18457	Rowland, PA	Pike
18458	Shohola, PA	Pike
18459	South Canaan, PA	Wayne
18460	South Sterling, PA	Pike
18461	Starlight, PA	Wayne
18462	Starrucca, PA	Wayne
18463	Sterling, PA	Wayne
18464	Tafton, PA	Pike
18465	Thompson, PA	Susquehanna
18466	Tobyhanna, PA	Monroe
18469	Tyler Hill, PA	Wayne
18470	Union Dale, PA	Susquehanna
18471	Waverly, PA	Lackawanna
18472	Waymart, PA	Wayne
18473	White Mills, PA	Wayne
18501	Scranton, PA	Lackawanna
18502	Scranton, PA	Lackawanna
18503	Scranton, PA	Lackawanna
18504	Scranton, PA	Lackawanna
18505	Scranton, PA	Lackawanna
18507	Moosic, PA	Lackawanna
18508	Scranton, PA	Lackawanna
18509	Scranton, PA	Lackawanna
18510	Scranton, PA	Lackawanna
18512	Scranton, PA	Lackawanna
18514	Scranton, PA	Lackawanna
18515	Scranton, PA	Lackawanna
18517	Taylor, PA	Lackawanna
18518	Old Forge, PA	Lackawanna
18519	Scranton, PA	Lackawanna
18522	Scranton, PA	Lackawanna
18540	Scranton, PA	Lackawanna
18577	Scranton, PA	Lackawanna
18601	Beach Haven, PA	Luzerne
18602	Bear Creek, PA	Luzerne
18603	Berwick, PA	Columbia
18610	Blakeslee, PA	Monroe
18611	Cambra, PA	Luzerne
18612	Dallas, PA	Luzerne
18614	Dushore, PA	Sullivan
18615	Falls, PA	Wyoming
18616	Forksville, PA	Sullivan
18617	Glen Lyon, PA	Luzerne
18618	Harveys Lake, PA	Luzerne
18619	Hillsgrove, PA	Sullivan
18621	Hunlock Creek, PA	Luzerne
18622	Huntington Mills, PA	Luzerne
18623	Laceyville, PA	Wyoming
18624	Lake Harmony, PA	Carbon
18625	Lake Winola, PA	Wyoming
18626	Laporte, PA	Sullivan
18627	Lehman, PA	Luzerne
18628	Lopez, PA	Sullivan
18629	Mehoopany, PA	Wyoming
18630	Meshoppen, PA	Wyoming
18631	Mifflinville, PA	Columbia
18632	Mildred, PA	Sullivan
18634	Nanticoke, PA	Luzerne
18635	Nescopeck, PA	Luzerne
18636	Noxen, PA	Wyoming
18640	Pittston, PA	Luzerne
18641	Pittston, PA	Luzerne
18642	Duryea, PA	Luzerne
18643	Pittston, PA	Luzerne
18644	Wyoming, PA	Luzerne
18651	Plymouth, PA	Luzerne
18653	Ransom, PA	Lackawanna
18654	Shawanese, PA	Luzerne
18655	Shickshinny, PA	Luzerne
18656	Sweet Valley, PA	Luzerne
18657	Tunkhannock, PA	Wyoming
18660	Wapwallopen, PA	Luzerne
18661	White Haven, PA	Luzerne
18690	Dallas, PA	Luzerne
18701	Wilkes Barre, PA	Luzerne
18702	Wilkes Barre, PA	Luzerne
18703	Wilkes Barre, PA	Luzerne
18704	Kingston, PA	Luzerne
18705	Wilkes Barre, PA	Luzerne
18706	Wilkes Barre, PA	Luzerne
18707	Mountain Top, PA	Luzerne
18708	Shavertown, PA	Luzerne
18709	Luzerne, PA	Luzerne
18710	Wilkes Barre, PA	Luzerne
18711	Wilkes Barre, PA	Luzerne
18762	Wilkes Barre, PA	Luzerne
18764	Wilkes Barre, PA	Luzerne
18765	Wilkes Barre, PA	Luzerne
18766	Wilkes Barre, PA	Luzerne
18767	Wilkes Barre, PA	Luzerne
18769	Wilkes Barre, PA	Luzerne
18773	Wilkes Barre, PA	Luzerne
18801	Montrose, PA	Susquehanna
18810	Athens, PA	Bradford
18812	Brackney, PA	Susquehanna
18813	Brooklyn, PA	Susquehanna
18814	Burlington, PA	Bradford
18815	Camptown, PA	Bradford
18816	Dimock, PA	Susquehanna
18817	East Smithfield, PA	Bradford
18818	Friendsville, PA	Susquehanna
18820	Gibson, PA	Susquehanna
18821	Great Bend, PA	Susquehanna
18822	Hallstead, PA	Susquehanna
18823	Harford, PA	Susquehanna
18824	Hop Bottom, PA	Susquehanna
18825	Jackson, PA	Susquehanna
18826	Kingsley, PA	Susquehanna
18827	Lanesboro, PA	Susquehanna
18828	Lawton, PA	Susquehanna
18829	Le Raysville, PA	Bradford
18830	Little Meadows, PA	Susquehanna
18831	Milan, PA	Bradford
18832	Monroeton, PA	Bradford
18833	New Albany, PA	Bradford
18834	New Milford, PA	Susquehanna
18837	Rome, PA	Bradford
18840	Sayre, PA	Bradford
18842	South Gibson, PA	Susquehanna
18843	South Montrose, PA	Susquehanna
18844	Springville, PA	Susquehanna
18845	Stevensville, PA	Bradford
18846	Sugar Run, PA	Bradford
18847	Susquehanna, PA	Susquehanna
18848	Towanda, PA	Bradford
18850	Ulster, PA	Bradford
18851	Warren Center, PA	Bradford
18853	Wyalusing, PA	Bradford
18854	Wysox, PA	Bradford
18901	Doylestown, PA	Bucks
18902	Doylestown, PA	Bucks
18910	Bedminster, PA	Bucks
18911	Blooming Glen, PA	Bucks
18912	Buckingham, PA	Bucks
18913	Carversville, PA	Bucks
18914	Chalfont, PA	Bucks
18915	Colmar, PA	Montgomery
18916	Danboro, PA	Bucks
18917	Dublin, PA	Bucks
18918	Earlington, PA	Montgomery
18920	Erwinna, PA	Bucks
18921	Ferndale, PA	Bucks
18922	Forest Grove, PA	Bucks
18923	Fountainville, PA	Bucks
18924	Franconia, PA	Montgomery
18925	Furlong, PA	Bucks
18926	Gardenville, PA	Bucks
18927	Hilltown, PA	Bucks
18928	Holicong, PA	Bucks
18929	Jamison, PA	Bucks
18930	Kintnersville, PA	Bucks
18931	Lahaska, PA	Bucks
18932	Line Lexington, PA	Bucks
18933	Lumberville, PA	Bucks
18934	Mechanicsville, PA	Schuylkill
18935	Milford Square, PA	Bucks
18936	Montgomeryville, PA	Montgomery
18938	New Hope, PA	Bucks
18940	Newtown, PA	Bucks
18942	Ottsville, PA	Bucks
18943	Penns Park, PA	Bucks
18944	Perkasie, PA	Bucks
18946	Pineville, PA	Bucks
18947	Pipersville, PA	Bucks
18949	Plumsteadville, PA	Bucks
18950	Point Pleasant, PA	Bucks
18951	Quakertown, PA	Bucks
18953	Revere, PA	Bucks
18954	Richboro, PA	Bucks
18955	Richlandtown, PA	Bucks
18956	Rushland, PA	Bucks
18957	Salford, PA	Montgomery
18958	Salfordville, PA	Montgomery
18960	Sellersville, PA	Bucks
18962	Silverdale, PA	Bucks
18963	Solebury, PA	Bucks
18964	Souderton, PA	Montgomery
18966	Southampton, PA	Bucks
18968	Spinnerstown, PA	Bucks
18969	Telford, PA	Montgomery
18970	Trumbauersville, PA	Bucks
18971	Tylersport, PA	Montgomery
18972	Upper Black Eddy, PA	Bucks
18974	Warminster, PA	Bucks
18976	Warrington, PA	Bucks
18977	Washington Crossing, PA	Bucks
18979	Woxall, PA	Montgomery
18980	Wycombe, PA	Bucks
18981	Zionhill, PA	Bucks
18991	Warminster, PA	Bucks
19001	Abington, PA	Montgomery
19002	Ambler, PA	Montgomery
19003	Ardmore, PA	Delaware
19004	Bala Cynwyd, PA	Montgomery
19006	Huntingdon Valley, PA	Montgomery
19007	Bristol, PA	Bucks
19008	Broomall, PA	Delaware
19009	Bryn Athyn, PA	Montgomery
19010	Bryn Mawr, PA	Delaware
19012	Cheltenham, PA	Montgomery
19013	Chester, PA	Delaware
19014	Aston, PA	Delaware
19015	Brookhaven, PA	Delaware
19016	Chester, PA	Delaware
19017	Chester Heights, PA	Delaware
19018	Clifton Heights, PA	Delaware
19019	Philadelphia, PA	Philadelphia
19020	Bensalem, PA	Bucks
19021	Croydon, PA	Bucks
19022	Crum Lynne, PA	Delaware
19023	Darby, PA	Delaware
19025	Dresher, PA	Montgomery
19026	Drexel Hill, PA	Delaware
19027	Elkins Park, PA	Montgomery
19028	Edgemont, PA	Delaware
19029	Essington, PA	Delaware
19030	Fairless Hills, PA	Bucks
19031	Flourtown, PA	Montgomery
19032	Folcroft, PA	Delaware
19033	Folsom, PA	Delaware
19034	Fort Washington, PA	Montgomery
19035	Gladwyne, PA	Montgomery
19036	Glenolden, PA	Delaware
19037	Glen Riddle Lima, PA	Delaware
19038	Glenside, PA	Montgomery
19039	Gradyville, PA	Delaware
19040	Hatboro, PA	Montgomery
19041	Haverford, PA	Delaware
19043	Holmes, PA	Delaware
19044	Horsham, PA	Montgomery
19046	Jenkintown, PA	Montgomery
19047	Langhorne, PA	Bucks
19048	Fort Washington, PA	Bucks
19049	Fort Washington, PA	Bucks
19050	Lansdowne, PA	Delaware
19052	Lenni, PA	Delaware
19053	Feasterville Trevose, PA	Bucks
19054	Levittown, PA	Bucks
19055	Levittown, PA	Bucks
19056	Levittown, PA	Bucks
19057	Levittown, PA	Bucks
19058	Levittown, PA	Bucks
19060	Garnet Valley, PA	Delaware
19061	Marcus Hook, PA	Delaware
19063	Media, PA	Delaware
19064	Springfield, PA	Delaware
19065	Media, PA	Delaware
19066	Merion Station, PA	Montgomery
19067	Morrisville, PA	Bucks
19070	Morton, PA	Delaware
19072	Narberth, PA	Montgomery
19073	Newtown Square, PA	Delaware
19074	Norwood, PA	Delaware
19075	Oreland, PA	Montgomery
19076	Prospect Park, PA	Delaware
19078	Ridley Park, PA	Delaware
19079	Sharon Hill, PA	Delaware
19080	Wayne, PA	Delaware
19081	Swarthmore, PA	Delaware
19082	Upper Darby, PA	Delaware
19083	Havertown, PA	Delaware
19085	Villanova, PA	Delaware
19086	Wallingford, PA	Delaware
19087	Wayne, PA	Chester
19088	Wayne, PA	Delaware
19089	Wayne, PA	Delaware
19090	Willow Grove, PA	Montgomery
19091	Media, PA	Delaware
19092	Philadelphia, PA	Philadelphia
19093	Philadelphia, PA	Philadelphia
19094	Woodlyn, PA	Delaware
19095	Wyncote, PA	Montgomery
19096	Wynnewood, PA	Montgomery
19098	Holmes, PA	Delaware
19099	Philadelphia, PA	Philadelphia
19101	Philadelphia, PA	Philadelphia
19102	Philadelphia, PA	Philadelphia
19103	Philadelphia, PA	Philadelphia
19104	Philadelphia, PA	Philadelphia
19105	Philadelphia, PA	Philadelphia
19106	Philadelphia, PA	Philadelphia
19107	Philadelphia, PA	Philadelphia
19108	Philadelphia, PA	Philadelphia
19109	Philadelphia, PA	Philadelphia
19110	Philadelphia, PA	Philadelphia
19111	Philadelphia, PA	Philadelphia
19112	Philadelphia, PA	Philadelphia
19113	Philadelphia, PA	Delaware
19114	Philadelphia, PA	Philadelphia
19115	Philadelphia, PA	Philadelphia
19116	Philadelphia, PA	Philadelphia
19118	Philadelphia, PA	Philadelphia
19119	Philadelphia, PA	Philadelphia
19120	Philadelphia, PA	Philadelphia
19121	Philadelphia, PA	Philadelphia
19122	Philadelphia, PA	Philadelphia
19123	Philadelphia, PA	Philadelphia
19124	Philadelphia, PA	Philadelphia
19125	Philadelphia, PA	Philadelphia
19126	Philadelphia, PA	Philadelphia
19127	Philadelphia, PA	Philadelphia
19128	Philadelphia, PA	Philadelphia
19129	Philadelphia, PA	Philadelphia
19130	Philadelphia, PA	Philadelphia
19131	Philadelphia, PA	Philadelphia
19132	Philadelphia, PA	Philadelphia
19133	Philadelphia, PA	Philadelphia
19134	Philadelphia, PA	Philadelphia
19135	Philadelphia, PA	Philadelphia
19136	Philadelphia, PA	Philadelphia
19137	Philadelphia, PA	Philadelphia
19138	Philadelphia, PA	Philadelphia
19139	Philadelphia, PA	Philadelphia
19140	Philadelphia, PA	Philadelphia
19141	Philadelphia, PA	Philadelphia
19142	Philadelphia, PA	Philadelphia
19143	Philadelphia, PA	Philadelphia
19144	Philadelphia, PA	Philadelphia
19145	Philadelphia, PA	Philadelphia
19146	Philadelphia, PA	Philadelphia
19147	Philadelphia, PA	Philadelphia
19148	Philadelphia, PA	Philadelphia
19149	Philadelphia, PA	Philadelphia
19150	Philadelphia, PA	Philadelphia
19151	Philadelphia, PA	Philadelphia
19152	Philadelphia, PA	Philadelphia
19153	Philadelphia, PA	Philadelphia
19154	Philadelphia, PA	Philadelphia
19155	Philadelphia, PA	Philadelphia
19160	Philadelphia, PA	Philadelphia
19161	Philadelphia, PA	Philadelphia
19162	Philadelphia, PA	Philadelphia
19170	Philadelphia, PA	Philadelphia
19171	Philadelphia, PA	Philadelphia
19172	Philadelphia, PA	Philadelphia
19173	Philadelphia, PA	Philadelphia
19175	Philadelphia, PA	Philadelphia
19176	Philadelphia, PA	Philadelphia
19177	Philadelphia, PA	Philadelphia
19178	Philadelphia, PA	Philadelphia
19179	Philadelphia, PA	Philadelphia
19181	Philadelphia, PA	Philadelphia
19182	Philadelphia, PA	Philadelphia
19183	Philadelphia, PA	Philadelphia
19184	Philadelphia, PA	Philadelphia
19185	Philadelphia, PA	Philadelphia
19187	Philadelphia, PA	Philadelphia
19188	Philadelphia, PA	Philadelphia
19190	Philadelphia, PA	Philadelphia
19191	Philadelphia, PA	Philadelphia
19192	Philadelphia, PA	Philadelphia
19193	Philadelphia, PA	Philadelphia
19194	Philadelphia, PA	Philadelphia
19195	Philadelphia, PA	Philadelphia
19196	Philadelphia, PA	Philadelphia
19197	Philadelphia, PA	Philadelphia
19244	Philadelphia, PA	Philadelphia
19255	Philadelphia, PA	Philadelphia
19301	Paoli, PA	Chester
19310	Atglen, PA	Chester
19311	Avondale, PA	Chester
19312	Berwyn, PA	Chester
19316	Brandamore, PA	Chester
19317	Chadds Ford, PA	Chester
19318	Chatham, PA	Chester
19319	Cheyney, PA	Delaware
19320	Coatesville, PA	Chester
19330	Cochranville, PA	Chester
19331	Concordville, PA	Delaware
19333	Devon, PA	Chester
19335	Downingtown, PA	Chester
19339	Concordville, PA	Delaware
19340	Concordville, PA	Delaware
19341	Exton, PA	Chester
19342	Glen Mills, PA	Delaware
19343	Glenmoore, PA	Chester
19344	Honey Brook, PA	Chester
19345	Immaculata, PA	Chester
19346	Kelton, PA	Chester
19347	Kemblesville, PA	Chester
19348	Kennett Square, PA	Chester
19350	Landenberg, PA	Chester
19351	Lewisville, PA	Chester
19352	Lincoln University, PA	Chester
19353	Lionville, PA	Chester
19354	Lyndell, PA	Chester
19355	Malvern, PA	Chester
19357	Mendenhall, PA	Chester
19358	Modena, PA	Chester
19360	New London, PA	Chester
19362	Nottingham, PA	Chester
19363	Oxford, PA	Chester
19365	Parkesburg, PA	Chester
19366	Pocopson, PA	Chester
19367	Pomeroy, PA	Chester
19369	Sadsburyville, PA	Chester
19371	Suplee, PA	Chester
19372	Thorndale, PA	Chester
19373	Thornton, PA	Delaware
19374	Toughkenamon, PA	Chester
19375	Unionville, PA	Chester
19376	Wagontown, PA	Chester
19380	West Chester, PA	Chester
19381	West Chester, PA	Chester
19382	West Chester, PA	Chester
19383	West Chester, PA	Chester
19388	West Chester, PA	Chester
19390	West Grove, PA	Chester
19395	Westtown, PA	Chester
19397	Southeastern, PA	Chester
19398	Southeastern, PA	Chester
19399	Southeastern, PA	Chester
19401	Norristown, PA	Montgomery
19403	Norristown, PA	Montgomery
19404	Norristown, PA	Montgomery
19405	Bridgeport, PA	Montgomery
19406	King Of Prussia, PA	Montgomery
19407	Audubon, PA	Montgomery
19408	Eagleville, PA	Montgomery
19409	Fairview Village, PA	Montgomery
19415	Eagleville, PA	Montgomery
19420	Arcola, PA	Montgomery
19421	Birchrunville, PA	Chester
19422	Blue Bell, PA	Montgomery
19423	Cedars, PA	Montgomery
19424	Blue Bell, PA	Montgomery
19425	Chester Springs, PA	Chester
19426	Collegeville, PA	Montgomery
19428	Conshohocken, PA	Montgomery
19429	Conshohocken, PA	Montgomery
19430	Creamery, PA	Montgomery
19432	Devault, PA	Chester
19435	Frederick, PA	Montgomery
19436	Gwynedd, PA	Montgomery
19437	Gwynedd Valley, PA	Montgomery
19438	Harleysville, PA	Montgomery
19440	Hatfield, PA	Montgomery
19441	Harleysville, PA	Montgomery
19442	Kimberton, PA	Chester
19443	Kulpsville, PA	Montgomery
19444	Lafayette Hill, PA	Montgomery
19446	Lansdale, PA	Montgomery
19450	Lederach, PA	Montgomery
19451	Mainland, PA	Montgomery
19453	Mont Clare, PA	Montgomery
19454	North Wales, PA	Montgomery
19455	North Wales, PA	Montgomery
19456	Oaks, PA	Montgomery
19457	Parker Ford, PA	Chester
19460	Phoenixville, PA	Chester
19462	Plymouth Meeting, PA	Montgomery
19464	Pottstown, PA	Montgomery
19465	Pottstown, PA	Chester
19468	Royersford, PA	Montgomery
19470	Saint Peters, PA	Chester
19472	Sassamansville, PA	Montgomery
19473	Schwenksville, PA	Montgomery
19474	Skippack, PA	Montgomery
19475	Spring City, PA	Chester
19477	Spring House, PA	Montgomery
19478	Spring Mount, PA	Montgomery
19480	Uwchland, PA	Chester
19481	Valley Forge, PA	Chester
19482	Valley Forge, PA	Chester
19483	Valley Forge, PA	Montgomery
19484	Valley Forge, PA	Montgomery
19485	Valley Forge, PA	Montgomery
19486	West Point, PA	Montgomery
19487	King Of Prussia, PA	Montgomery
19488	Norristown, PA	Montgomery
19489	Norristown, PA	Montgomery
19490	Worcester, PA	Montgomery
19492	Zieglerville, PA	Montgomery
19493	Valley Forge, PA	Chester
19494	Valley Forge, PA	Chester
19495	Valley Forge, PA	Chester
19496	Valley Forge, PA	Chester
19501	Adamstown, PA	Lancaster
19503	Bally, PA	Berks
19504	Barto, PA	Berks
19505	Bechtelsville, PA	Berks
19506	Bernville, PA	Berks
19507	Bethel, PA	Berks
19508	Birdsboro, PA	Berks
19510	Blandon, PA	Berks
19511	Bowers, PA	Berks
19512	Boyertown, PA	Berks
19516	Centerport, PA	Berks
19518	Douglassville, PA	Berks
19519	Earlville, PA	Berks
19520	Elverson, PA	Chester
19522	Fleetwood, PA	Berks
19523	Geigertown, PA	Berks
19525	Gilbertsville, PA	Montgomery
19526	Hamburg, PA	Berks
19529	Kempton, PA	Berks
19530	Kutztown, PA	Berks
19533	Leesport, PA	Berks
19534	Lenhartsville, PA	Berks
19535	Limekiln, PA	Berks
19536	Lyon Station, PA	Berks
19538	Maxatawny, PA	Berks
19539	Mertztown, PA	Berks
19540	Mohnton, PA	Berks
19541	Mohrsville, PA	Berks
19542	Monocacy Station, PA	Berks
19543	Morgantown, PA	Berks
19544	Mount Aetna, PA	Berks
19545	New Berlinville, PA	Berks
19547	Oley, PA	Berks
19548	Pine Forge, PA	Berks
19549	Port Clinton, PA	Schuylkill
19550	Rehrersburg, PA	Berks
19551	Robesonia, PA	Berks
19554	Shartlesville, PA	Berks
19555	Shoemakersville, PA	Berks
19559	Strausstown, PA	Berks
19560	Temple, PA	Berks
19562	Topton, PA	Berks
19564	Virginville, PA	Berks
19565	Wernersville, PA	Berks
19567	Womelsdorf, PA	Berks
19601	Reading, PA	Berks
19602	Reading, PA	Berks
19603	Reading, PA	Berks
19604	Reading, PA	Berks
19605	Reading, PA	Berks
19606	Reading, PA	Berks
19607	Reading, PA	Berks
19608	Reading, PA	Berks
19609	Reading, PA	Berks
19610	Reading, PA	Berks
19611	Reading, PA	Berks
19612	Reading, PA	Berks
19640	Reading, PA	Berks
